neurons,val_loss,val_acc
250,0.11232885718345642,0.9828000068664551
300,0.10729078203439713,0.9837999939918518
350,0.11151357740163803,0.9801999926567078
400,0.10969381034374237,0.9829999804496765
