neurons,val_loss,val_acc
250,0.1094718649983406,0.9828000068664551
300,0.1103324219584465,0.9836000204086304
350,0.09599965810775757,0.9846000075340271
400,0.11850909143686295,0.9807999730110168
